<?xml version="1.0" encoding="UTF-8"?>
<beans xmlns="http://www.springframework.org/schema/beans"
	xmlns:xsi="http://www.w3.org/2001/XMLSchema-instance"
	xmlns:c="http://www.springframework.org/schema/c"
	xmlns:p="http://www.springframework.org/schema/p"
	xsi:schemaLocation="http://www.springframework.org/schema/beans http://www.springframework.org/schema/beans/spring-beans.xsd">

 	<!-- ctx.xml -->
 	
 	<!-- <bean  id="employee" class="ex03.di.EmployeePersonImpl" >
		<constructor-arg name="name" value="김연아"/>
		<constructor-arg name="gender" value="여자"/>
		<constructor-arg name="age" value="27"/>	
		<constructor-arg>
				<list>
					<value>독서</value>
					<value>영화감상</value>
					<value>잠자기</value>
				</list>
		</constructor-arg>	
	</bean> -->
	
	<!-- <bean id="student" class="ex03.di.StuentPersonImpl" >
		<property name="name" value="해피도연" />
		<property name="age" value="33" />
		<property name="gender" value="남자" />
		<property name="score">
			<list>
				<value>100</value>
				<value>99</value>
				<value>78</value>
			</list>
		</property>
	</bean> -->
	
		<!-- <property name="score">
			<list>
				<value>100</value>
				<value>99</value>
				<value>78</value>
			</list>
		</property> -->

	<!-- <bean id="info" class="ex03.di.MyInfomation">
		<property name="person"  ref="student" />
	</bean>
	
	<bean id="info2" class="ex03.di.MyInfomation">
		<property name="person"  ref="employee" />
	</bean> -->
 	
 	
 	<!-- <bean class="ex03.di.EmployeePersonImpl"  id="employee"  
 			c:name="김연아" c:age="33"  c:gender="여자"	c:hobbys="독서, 영화, 잠자기" />


	<bean id="student" class="ex03.di.StuentPersonImpl" 
				 p:name="강감찬" p:age="22" p:gender="남자" />
	
	<bean id="info"   class="ex03.di.MyInfomation"  p:person-ref="student" />
	
	<bean id="info2" class="ex03.di.MyInfomation"  p:person-ref="employee" /> -->
</beans>
